dev,name,batch_size,_compile.<locals>.compile_inner,OutputGraph.call_user_compiler,create_aot_dispatcher_function,compile_fx.<locals>.fw_compiler_base,compile_fx_inner,GraphLowering.run,GraphLowering.compile_to_module,Scheduler.__init__,Scheduler.codegen,compile_file,WrapperCodeGen.generate,CachingAutotuner.benchmark_all_configs,compile_fx.<locals>.bw_compiler
cuda,BERT_pytorch,16,34.265164,32.769410,29.432403,27.042110,23.510567,1.875381,20.297577,1.759955,2.095928,0.049752,1.602733,0,0
cuda,Background_Matting,1,43.892166,43.242128,42.361052,40.316417,39.593777,1.856414,36.867406,1.360742,1.880218,0.031502,3.947996,0,0
cuda,DALLE2_pytorch,1,227.491030,209.638928,207.842692,190.066429,177.185830,16.969012,152.482523,20.377763,13.440143,0.369366,28.224539,0,0
cuda,LearningToPaint,96,27.731486,27.441218,26.619453,25.891393,25.288293,0.510825,24.476561,0.300774,0.822558,0.013089,1.802541,0,0
cuda,Super_SloMo,6,75.763879,75.042559,74.208918,72.243136,71.719086,5.019432,65.650266,5.326010,5.052934,0.041007,7.223917,0,0
cuda,alexnet,128,14.033520,13.935489,13.168300,13.061610,12.942457,0.141621,12.746954,0.193988,0.808791,0.004647,0.748900,0,0
cuda,basic_gnn_edgecnn,1,7.598392,7.270183,7.251597,7.075720,6.932550,0.101933,6.752699,0.076707,0.730491,0.003182,0.581686,0,0
cuda,basic_gnn_gcn,1,16.508732,15.747138,15.723037,15.444608,15.302078,0.088181,15.144867,0.088796,0.720896,0.006046,1.061640,0,0
cuda,basic_gnn_gin,1,8.832271,8.628662,8.610537,8.460498,8.317580,0.094627,8.137079,0.065550,0.727732,0.003115,0.731131,0,0
cuda,basic_gnn_sage,1,13.103970,12.920713,12.901726,12.749845,12.604551,0.089366,12.439193,0.075433,0.724959,0.003515,1.190974,0,0
cuda,cm3leon_generate,1,157.649123,149.234139,147.545421,133.675368,99.847832,7.912280,84.099824,10.188215,8.879138,0.306252,14.134318,0,0
cuda,dcgan,256,10.681848,10.604641,9.892481,9.715407,9.604702,0.124506,9.411421,0.214807,0.731140,0.003947,0.463053,0,0
cuda,demucs,8,29.768068,29.330292,28.561492,28.263620,28.145238,0.243804,27.782824,0.353225,1.134624,0.014172,5.047904,0,0
cuda,densenet121,64,65.584203,63.944372,62.933546,59.582703,59.121773,3.069702,54.507861,4.237918,3.831970,0.079640,9.496588,0,0
cuda,detectron2_fasterrcnn_r_101_c4,1,65.942979,59.014522,57.981203,54.299233,53.713150,2.818190,49.286653,1.632734,11.100742,0.061057,5.393364,7.582734,0
cuda,detectron2_fasterrcnn_r_101_dc5,1,60.121347,54.208372,53.120375,49.423522,48.551902,2.774015,44.144078,1.820423,7.202494,0.058642,4.259534,5.025430,0
cuda,detectron2_fasterrcnn_r_101_fpn,1,77.332887,69.543944,68.391786,63.409575,62.724412,3.746894,57.071317,2.475449,8.181651,0.080783,8.575147,4.990916,0
cuda,detectron2_fasterrcnn_r_50_c4,1,53.973406,49.970184,48.979093,46.686320,46.004547,1.734503,43.180840,1.224369,6.665910,0.040001,5.202319,5.006966,0
cuda,detectron2_fasterrcnn_r_50_dc5,1,54.313984,50.359063,49.327271,46.890150,46.397539,1.712853,43.779193,1.419640,6.649394,0.039471,4.255214,4.992080,0
cuda,detectron2_fasterrcnn_r_50_fpn,1,70.040156,64.280174,63.227566,59.915770,59.310575,2.433176,55.580560,1.776279,7.822355,0.059250,8.136235,4.951806,0
cuda,detectron2_fcos_r_50_fpn,1,58.229640,53.519220,52.518546,47.334819,47.009096,2.290980,42.693675,1.438953,7.961483,0.071883,4.679380,3.660261,0
cuda,detectron2_maskrcnn_r_101_c4,1,71.983885,65.052716,63.915140,59.216983,58.355932,3.441881,52.826672,2.049237,7.941762,0.072748,6.907676,7.744026,0
cuda,detectron2_maskrcnn_r_101_fpn,1,85.420280,76.496993,75.271782,69.912104,69.187770,4.202301,62.814521,2.499547,8.763494,0.091505,9.624565,7.718861,0
cuda,detectron2_maskrcnn_r_50_c4,1,64.493098,59.757719,58.704414,55.528606,54.571573,2.346627,50.740804,1.611973,7.453296,0.051981,6.658930,7.716158,0
cuda,detectron2_maskrcnn_r_50_fpn,1,78.581133,72.027550,70.924554,66.892747,66.241529,2.905180,61.787418,2.368806,8.422871,0.070217,9.020248,7.666255,0
cuda,dlrm,2048,12.603172,12.442027,11.718227,11.529828,10.661964,0.115064,10.446136,0.094359,0.594644,0.005264,1.048506,0,0
cuda,doctr_det_predictor,1,58.831814,56.767449,55.828058,53.261008,52.955247,1.976652,50.000711,1.587505,7.058110,0.042786,7.305618,3.679741,0
cuda,doctr_reco_predictor,1,20.553287,20.041669,19.165981,18.651215,18.518272,0.378042,17.927156,0.245700,0.898120,0.011148,0.922444,0,0
cuda,drq,1,17.146510,16.912086,16.104639,15.968386,14.913977,0.103677,14.731513,0.129418,0.584028,0.005796,1.472545,0,0
cuda,fastNLP_Bert,1,23.964584,22.554479,21.683705,19.626400,17.667101,1.256428,15.466904,1.368495,1.624455,0.047228,0.785242,0,0
cuda,functorch_dp_cifar10,64,31.963466,31.743483,31.005274,30.414731,30.244385,0.804803,29.164910,0.964266,1.205812,0.016101,2.239059,0,0
cuda,functorch_maml_omniglot,1,14.518476,14.391971,13.678235,13.550172,13.113414,0.172636,12.880248,0.298586,0.619308,0.005186,0.695458,0,0
cuda,hf_T5_generate,1,193.817656,165.970646,162.004339,119.468004,109.499023,18.692042,72.150298,18.756825,15.005108,0.644176,2.281965,0,0
cuda,hf_Whisper,8,29.482028,28.874004,28.041003,27.387159,26.984155,0.726754,25.924249,0.880028,1.221612,0.021271,1.725560,0,0
cuda,hf_distil_whisper,1,46.416916,44.709347,43.774205,40.085884,38.105463,2.553538,33.715541,3.660533,3.524095,0.145847,2.046719,0,0
cuda,lennard_jones,1000,5.971855,5.926707,5.208877,5.132993,4.506529,0.052564,4.399709,0.033905,0.641724,0.002416,0.262092,0,0
cuda,llama,32,22.911817,22.299409,21.444273,19.753207,19.254694,0.721409,17.916040,0.663731,1.371781,0.027097,1.178464,0,0
cuda,maml_omniglot,5,11.118314,11.049164,10.341448,10.192105,9.776736,0.134980,9.575329,0.216179,0.591527,0.004522,0.699369,0,0
cuda,microbench_unbacked_tolist_sum,1,7.781730,0.902466,0.125165,0.105123,0.000594,0,0,0,0,0,0,0,0
cuda,mnasnet1_0,32,29.187598,28.592981,27.796718,26.392380,26.103011,1.156742,24.295399,0.474393,1.188889,0.022903,2.286014,0,0
cuda,mobilenet_v2,16,29.261804,28.667949,27.839203,26.232287,25.909532,1.254225,23.952362,0.514341,1.251592,0.024548,2.173689,0,0
cuda,mobilenet_v3_large,32,40.014526,39.316326,38.475516,36.773865,36.569736,1.471253,34.397779,0.920211,1.448270,0.029930,4.683300,0,0
cuda,moco,32,64.121711,60.686095,59.327703,54.536996,53.930946,3.200786,48.800113,2.762246,2.819549,0.100793,8.749739,0,0
cuda,nanogpt,1,18.288636,17.572300,16.733759,15.137121,14.509001,0.971401,12.796468,0.946532,1.101307,0.025868,0.864923,0,0
cuda,nvidia_deeprecommender,256,9.118633,9.024244,8.324769,8.205872,7.412165,0.236403,7.079022,0.070745,0.541961,0.003007,0.850889,0,0
cuda,opacus_cifar10,64,33.674880,32.203285,31.298525,30.705383,30.228214,0.689882,29.263768,1.091948,1.050065,0.016047,2.174163,0,0
cuda,phlippe_densenet,128,41.063357,40.339809,39.569885,37.763838,37.253695,1.245750,35.313690,1.150452,1.450714,0.034925,4.940701,0,0
cuda,phlippe_resnet,128,20.775446,20.528015,19.761140,19.105112,18.552725,0.453723,17.823852,0.247021,0.798206,0.012197,1.192526,0,0
cuda,pyhpc_equation_of_state,1048576,8.337103,8.158784,7.331194,6.931535,6.808417,1.094628,5.425858,2.456967,1.134246,0.001804,0.041624,0,0
cuda,pyhpc_isoneutral_mixing,1048576,62.556690,62.019107,61.163514,58.390826,58.124324,4.621629,52.355748,4.703954,4.128935,0.021045,5.599727,0,0
cuda,pyhpc_turbulent_kinetic_energy,1048576,60.265306,59.583567,58.624871,55.544356,55.248919,3.911287,50.148281,3.373259,3.187671,0.020803,7.043011,0,0
cuda,pytorch_CycleGAN_and_pix2pix,1,22.540056,22.314989,21.558864,20.845647,20.628052,1.128440,19.152426,0.817884,1.276239,0.016617,1.636622,0,0
cuda,pytorch_stargan,16,22.853873,22.607848,21.804900,20.871903,20.659571,0.916304,19.379248,1.315451,1.081825,0.011342,2.332503,0,0
cuda,pytorch_unet,1,35.953029,35.557630,34.820707,33.948615,33.643706,0.888542,32.403312,0.743350,1.411515,0.017302,3.142585,0,0
cuda,resnet152,32,37.805380,36.450425,35.454187,31.328491,30.803017,3.455599,25.456190,1.596648,2.426094,0.065593,1.889797,0,0
cuda,resnet18,8,22.201689,21.961484,21.195836,20.617429,20.477484,0.648208,19.564123,0.340489,1.001456,0.012103,1.183815,0,0
cuda,resnet50,32,28.211089,27.675238,26.887561,25.457709,25.154421,1.238734,23.248626,0.592382,1.323882,0.025120,1.885707,0,0
cuda,resnext50_32x4d,8,28.353134,27.829476,26.987579,25.545317,25.238447,1.247461,23.323241,0.591992,1.327959,0.024592,1.741192,0,0
cuda,sam,32,90.418717,87.263944,85.989413,75.623021,70.080956,6.610501,58.793288,6.056358,5.124294,0.145019,8.036682,0,0
cuda,shufflenet_v2_x1_0,64,40.186116,39.586604,38.784053,37.173999,36.838046,1.550891,34.555533,0.957240,1.545950,0.028807,3.335732,0,0
cuda,soft_actor_critic,256,7.690046,7.586770,6.766184,6.698291,6.018942,0.052319,5.922614,0.028720,0.513657,0.002180,0.521598,0,0
cuda,speech_transformer,1,43.739479,42.305849,41.421176,38.588756,35.913649,2.350602,31.793812,2.142354,2.473905,0.069425,2.919649,0,0
cuda,squeezenet1_1,16,18.716061,18.547314,17.767804,17.551296,17.439893,0.247690,17.118728,0.432588,0.977559,0.010000,1.319858,0,0
cuda,timm_efficientnet,64,45.827753,44.694137,43.776038,42.088985,41.716668,1.506464,39.457975,0.915477,1.819735,0.036035,6.943495,0,0
cuda,timm_regnet,32,33.028195,31.318708,30.331966,28.472440,28.248662,1.635530,25.780660,0.968592,1.596141,0.036272,2.537885,0,0
cuda,timm_resnest,32,36.412622,35.944444,35.078317,34.284973,34.120302,0.969277,32.801534,1.369213,1.559316,0.016557,3.892076,0,0
cuda,timm_vision_transformer,32,15.273989,14.644754,13.740709,12.438449,12.173579,1.096823,10.390220,0.721323,1.135442,0.022041,0.739695,0,0
cuda,timm_vovnet,32,34.801865,33.918663,33.038012,31.958261,31.615435,1.089547,30.023765,0.887296,1.578121,0.022653,1.868856,0,0
cuda,torch_multimodal_clip,32,44.078957,43.405938,42.627957,39.435822,38.929292,2.095094,35.243519,2.840050,2.485837,0.061628,2.737424,0,0
cuda,tts_angular,64,2.383713,2.318498,1.616105,1.573984,1.466329,0.036524,1.411251,0.015235,0.623926,0.000603,0,0,0
cuda,vgg16,4,19.136176,19.017093,18.251912,18.092781,17.249892,0.164755,17.017197,0.228709,0.736339,0.008218,0.981634,0,0
cuda,vision_maskrcnn,1,71.030768,63.568839,62.488968,58.157093,57.109292,2.336331,53.388747,2.454354,3.379848,0.080665,9.981240,0,0
cuda,yolov3,8,48.927958,47.961015,47.087765,44.095618,43.783451,2.328551,40.268113,2.260307,2.374712,0.046128,3.682441,0,0
cuda,adv_inception_v3,128,60.562357,58.638643,57.740553,54.736376,54.463708,2.488115,50.775245,2.736626,3.328875,0.056329,7.126355,0,0
cuda,beit_base_patch16_224,64,26.375792,25.363185,24.382216,22.769747,22.470147,1.336151,20.327553,1.083225,1.468590,0.032723,2.038065,0,0
cuda,botnet26t_256,128,46.562740,45.495707,44.574277,43.168681,42.140709,1.884560,39.741841,2.250167,1.749216,0.027186,4.802865,0,0
cuda,cait_m36_384,4,60.226863,57.974352,56.923148,49.794737,47.289370,4.821640,38.685970,4.386212,4.126393,0.154382,3.127537,0,0
cuda,coat_lite_mini,128,83.618237,82.498054,81.564147,79.704315,77.493172,1.986486,74.382330,2.284205,2.178705,0.045651,18.611593,0,0
cuda,convit_base,64,47.373878,46.386782,45.415405,43.293366,41.628598,1.684719,38.675188,1.673796,2.096553,0.055331,4.579365,0,0
cuda,convmixer_768_32,32,17.661610,16.802886,15.931816,13.640294,13.401629,1.715856,10.749224,0.656247,1.412839,0.034229,1.023580,0,0
cuda,convnext_base,64,44.973916,43.557934,42.430507,39.967455,39.578409,2.043885,36.083889,1.955553,1.985457,0.060373,4.643402,0,0
cuda,crossvit_9_240,256,63.238018,62.190449,61.243865,58.565368,56.890144,2.350240,53.162285,3.017598,2.764650,0.052855,7.356047,0,0
cuda,cspdarknet53,64,48.167021,46.709896,45.770809,43.296174,43.040452,1.646031,40.406482,1.386168,1.733791,0.041450,6.500774,0,0
cuda,deit_base_distilled_patch16_224,64,20.834304,20.091594,19.141426,17.772644,17.501237,0.977466,15.774490,1.033254,1.275005,0.026863,1.345473,0,0
cuda,dla102,128,47.046356,45.816280,44.899523,41.518581,41.050702,2.219938,37.454260,1.500987,2.032371,0.061584,6.340166,0,0
cuda,dm_nfnet_f0,128,46.457815,44.845542,43.844873,41.761269,41.284727,1.926038,38.394450,2.036213,2.171067,0.052800,5.177407,0,0
cuda,dpn107,64,95.932275,93.335593,92.222329,88.127746,87.601660,2.849578,83.139227,2.795691,3.096894,0.070756,19.180465,0,0
cuda,eca_botnext26ts_256,128,48.364557,47.259675,46.333913,44.764669,43.874811,1.968676,41.127919,2.369182,2.024766,0.032133,6.092167,0,0
cuda,eca_halonext26ts,128,61.174801,60.028528,59.093425,57.423342,55.880123,2.493968,52.568733,5.916615,3.370325,0.033315,8.136070,0,0
cuda,ese_vovnet19b_dw,256,37.866714,37.091741,36.221222,35.343770,35.189265,0.755922,34.063877,0.839011,1.387948,0.022424,6.487230,0,0
cuda,fbnetc_100,512,39.531788,38.374563,37.441319,35.435259,35.071801,1.300619,32.956878,0.689871,1.458734,0.037233,6.093743,0,0
cuda,fbnetv3_b,256,54.518967,52.592523,51.696849,47.947684,47.623449,2.807305,43.294106,1.633444,2.588978,0.070575,9.105315,0,0
cuda,gernet_l,128,34.645802,33.445066,32.500343,30.763436,30.387654,1.183374,28.471890,0.609324,1.498345,0.032536,2.789798,0,0
cuda,ghostnet_100,512,56.842482,55.596391,54.628577,51.620342,51.107371,1.952478,47.907984,1.452056,2.032768,0.056808,11.990726,0,0
cuda,gluon_inception_v3,256,61.126147,59.227829,58.317646,55.233037,54.957207,2.484971,51.256589,2.729491,3.327830,0.056272,7.648561,0,0
cuda,gmixer_24_224,128,43.704617,42.625612,41.647007,39.007238,37.719605,2.375335,33.600021,2.567837,2.574054,0.049715,4.335193,0,0
cuda,gmlp_s16_224,128,35.718979,34.670670,33.711681,31.073713,30.186279,2.352677,26.359991,2.568187,2.002549,0.044672,2.963265,0,0
cuda,hrnet_w18,128,81.217296,77.516456,76.429784,65.241457,64.371150,7.453405,52.444616,3.876728,5.001599,0.156793,6.777327,0,0
cuda,inception_v3,128,61.032814,59.108868,58.205540,55.133552,54.852637,2.541411,51.096540,2.763076,3.357108,0.056559,7.125650,0,0
cuda,jx_nest_base,32,72.067572,70.414535,69.399456,65.828511,63.730018,3.062513,58.619895,3.118195,2.666390,0.080411,7.194405,0,0
cuda,lcnet_050,256,32.671620,31.971887,31.113712,29.972855,29.801968,0.778774,28.563714,0.653999,1.094570,0.021063,3.126765,0,0
cuda,levit_128,1024,51.839448,50.472767,49.466048,46.227530,43.276966,2.379628,39.631769,1.608954,1.942498,0.050008,6.692008,0,0
cuda,mixer_b16_224,128,38.044823,37.432407,36.521858,35.251783,34.330366,1.483169,31.986721,1.213217,1.561775,0.028764,4.827950,0,0
cuda,mixnet_l,128,67.515640,65.702720,64.812885,61.738008,61.463658,2.448205,57.770558,1.960189,3.218922,0.082146,13.168653,0,0
cuda,mnasnet_100,512,37.375962,36.315528,35.400550,33.793645,33.596488,1.226782,31.698437,0.580727,1.294128,0.031229,5.508605,0,0
cuda,mobilenetv2_100,128,36.813082,35.740966,34.806588,33.044799,32.835959,1.117203,30.866989,0.582023,1.301054,0.033122,4.449814,0,0
cuda,mobilenetv3_large_100,512,46.690469,45.557125,44.635893,42.818212,42.607551,1.274355,40.404269,0.823848,1.529824,0.040187,9.087365,0,0
cuda,mobilevit_s,64,71.475438,70.134052,69.181201,66.947922,66.491132,2.685937,62.783805,6.761895,5.310940,0.049415,8.596566,0,0
cuda,nfnet_l0,128,47.571466,46.150015,45.142043,43.238623,42.926018,1.592700,40.321910,1.815218,2.013844,0.051820,6.978468,0,0
cuda,pit_b_224,64,48.895394,48.004419,47.042734,45.461493,44.835407,1.324573,42.666399,1.147965,1.396887,0.033905,6.492531,0,0
cuda,pnasnet5large,16,85.517532,82.004988,80.872033,73.574303,73.045315,6.272578,63.585404,6.288357,6.519130,0.159047,10.528209,0,0
cuda,poolformer_m36,64,84.339706,82.326151,81.253115,78.625089,78.221666,6.058897,70.959789,10.449235,7.195703,0.087920,10.075526,0,0
cuda,regnety_002,1024,40.194753,39.034885,38.063312,36.454940,36.052417,1.185789,34.189748,0.728772,1.608155,0.035829,5.665436,0,0
cuda,repvgg_a2,128,32.704772,31.544991,30.620504,28.644455,28.434041,1.294923,26.382143,0.643360,1.287030,0.026513,2.393160,0,0
cuda,res2net101_26w_4s,128,62.178392,60.480291,59.447754,53.104430,52.658550,4.049592,45.878808,3.250263,4.045870,0.099864,6.620005,0,0
cuda,res2net50_14w_8s,128,68.097659,66.637954,65.639786,59.671962,59.268416,4.077914,52.753670,3.052059,3.843668,0.084499,9.539445,0,0
cuda,res2next50,128,51.104484,50.079925,49.170977,46.088771,45.644702,2.128406,42.238642,2.245858,2.673929,0.052194,6.388757,0,0
cuda,resmlp_12_224,128,23.591244,22.977719,22.069832,21.086792,20.315877,0.626679,19.196670,0.571390,0.958014,0.024391,3.013691,0,0
cuda,resnest101e,64,61.367950,59.289319,58.349951,52.849886,52.327052,4.298904,45.597991,3.394942,3.821409,0.101996,8.577356,0,0
cuda,rexnet_100,256,72.539626,70.854756,69.375669,66.848671,66.610525,1.655950,63.991993,1.438097,1.897680,0.053233,16.721142,0,0
cuda,sebotnet33ts_256,64,56.768959,55.458893,54.501288,52.509187,51.044142,2.329221,47.970347,3.302783,2.157051,0.041400,7.122170,0,0
cuda,selecsls42b,128,35.136033,34.542344,33.688028,32.361046,32.180528,0.925693,30.714354,0.790931,1.319252,0.025961,3.480618,0,0
cuda,spnasnet_100,128,39.753401,38.483349,37.532364,35.556351,35.164142,1.290127,33.054746,0.690548,1.434333,0.037165,5.524354,0,0
cuda,swin_base_patch4_window7_224,64,82.640849,80.453437,79.438304,74.830952,72.077228,4.464586,64.855886,6.223684,4.647625,0.091686,10.448328,0,0
cuda,swsl_resnext101_32x16d,32,39.391729,38.360801,37.458014,34.185309,33.722610,2.137564,30.240558,1.313025,2.009675,0.057623,3.061567,0,0
cuda,tf_efficientnet_b0,128,51.839394,50.546935,49.597718,47.608237,47.240642,1.347317,45.060352,1.071358,2.051356,0.051158,10.903737,0,0
cuda,tf_mixnet_l,128,69.924165,67.973886,67.067414,63.952224,63.676347,2.516819,59.915302,2.138649,3.387240,0.085647,14.668473,0,0
cuda,tinynet_a,128,52.181812,50.890604,49.892606,47.527632,47.115227,1.587884,44.536323,1.423955,1.977899,0.057444,10.879901,0,0
cuda,tnt_s_patch16_224,128,59.435013,58.133575,57.090157,53.254823,51.261804,3.075224,46.218386,4.639951,3.201990,0.090737,5.466363,0,0
cuda,twins_pcpvt_base,128,54.015531,52.343256,51.256511,46.889881,46.238407,3.217628,40.802665,3.347455,2.843095,0.088444,5.614252,0,0
cuda,visformer_small,128,51.547460,50.773231,49.854885,48.285014,47.061421,1.379117,44.915970,0.959147,1.443997,0.039511,7.756675,0,0
cuda,vit_base_patch16_224,64,22.182272,21.497547,20.615133,19.309289,19.041117,0.967536,17.367748,1.055969,1.247581,0.026443,1.592614,0,0
cuda,volo_d1_224,64,67.325817,66.014266,64.982900,61.994952,59.469946,2.799585,55.015334,3.185978,2.754639,0.066973,8.301137,0,0
cuda,xcit_large_24_p8_224,16,62.960474,60.937940,59.698559,53.597517,52.763411,4.771134,44.491322,4.307220,4.072280,0.115678,3.224500,0,0
cuda,AlbertForMaskedLM,4,24.240500,23.281878,22.352987,20.400266,19.920242,1.191791,17.885619,1.440922,1.392389,0.028996,1.585039,0,0
cuda,AlbertForQuestionAnswering,4,24.234384,23.377104,22.460460,20.525220,19.689933,1.181107,17.659323,1.447378,1.218048,0.029302,1.711418,0,0
cuda,AllenaiLongformerBase,4,75.629153,72.677643,71.423733,62.313893,60.462872,8.605110,48.102904,7.495514,6.507791,0.068529,3.934034,0,0
cuda,BartForCausalLM,4,21.158522,20.394396,19.405089,17.630576,16.713919,1.188555,14.461944,1.383680,1.406798,0.047291,1.437844,0,0
cuda,BartForConditionalGeneration,2,36.784047,34.893406,33.783767,29.067571,27.687788,3.140839,21.691835,3.355464,2.874017,0.114826,1.429999,0,0
cuda,BertForMaskedLM,16,20.595157,19.352257,18.418236,16.333915,15.382148,1.288000,13.216310,1.153746,1.308998,0.038591,1.041566,0,0
cuda,BertForQuestionAnswering,16,20.186785,18.970163,18.035288,15.967813,15.121318,1.271002,12.978969,1.123757,1.272170,0.038174,0.913602,0,0
cuda,BlenderbotSmallForCausalLM,64,21.472164,20.836756,19.959503,18.510516,17.618244,0.988233,15.801398,1.161726,1.275207,0.035022,1.706023,0,0
cuda,BlenderbotSmallForConditionalGeneration,64,33.475293,31.991034,30.973979,27.645601,26.456288,2.322443,21.884203,2.617659,2.375542,0.084395,1.878309,0,0
cuda,CamemBert,16,21.515639,20.229872,19.303404,17.232025,16.208726,1.127964,14.028131,1.162537,1.305467,0.038566,1.078727,0,0
cuda,DebertaForMaskedLM,8,26.639159,25.227043,24.252025,22.135038,21.215127,1.532776,18.497342,1.205523,1.502886,0.044106,1.676312,0,0
cuda,DebertaForQuestionAnswering,16,26.230392,24.817511,23.826274,21.679398,20.880679,1.528329,18.167073,1.174436,1.491429,0.042664,1.567073,0,0
cuda,DebertaV2ForMaskedLM,2,35.398191,33.065830,31.973484,27.811117,26.516097,3.038034,20.865801,3.036727,2.554614,0.105959,1.416005,0,0
cuda,DebertaV2ForQuestionAnswering,1,34.036809,31.718656,30.659948,26.492561,25.292555,2.832219,19.870665,2.903275,2.471787,0.103870,1.318820,0,0
cuda,DistilBertForMaskedLM,128,24.775659,24.261251,23.436077,22.327255,21.342806,0.986893,19.634545,1.025683,1.108721,0.027369,2.194328,0,0
cuda,DistilBertForQuestionAnswering,256,23.827894,23.333830,22.509181,21.247836,20.577285,0.848454,19.028223,0.927541,1.087995,0.026992,2.222310,0,0
cuda,DistillGPT2,16,25.222204,24.581111,23.709306,22.709819,21.714071,0.818984,20.378691,0.729154,1.052346,0.023268,2.152327,0,0
cuda,ElectraForCausalLM,32,24.166871,22.902764,21.979370,19.868481,18.940060,1.475903,16.583858,1.280893,1.348610,0.039367,1.432848,0,0
cuda,ElectraForQuestionAnswering,64,22.146003,20.904977,19.982483,17.883693,17.033669,1.105372,14.882803,1.122158,1.277318,0.039103,1.157826,0,0
cuda,GPT2ForSequenceClassification,4,27.012240,25.827651,24.836482,23.003953,22.229063,1.460685,19.831645,1.427434,1.512351,0.045388,1.152324,0,0
cuda,GoogleFnet,16,15.371110,14.646646,13.733981,12.915618,12.705418,0.793495,11.486789,0.835329,1.686780,0.016507,0.568512,0,0
cuda,LayoutLMForMaskedLM,16,20.883327,19.578913,18.647206,16.487646,15.519620,1.155263,13.293977,1.161021,1.316445,0.039056,1.041957,0,0
cuda,LayoutLMForSequenceClassification,16,20.395730,19.148197,18.187619,16.081807,15.223486,1.297707,13.046160,1.114580,1.283607,0.038236,0.656003,0,0
cuda,M2M100ForConditionalGeneration,16,38.428690,36.417633,35.281476,30.400195,29.482291,3.313962,23.213869,3.653720,3.304631,0.153409,1.041310,0,0
cuda,MBartForCausalLM,4,25.712425,24.858927,23.841815,21.912355,20.927206,1.576140,18.155296,1.426454,1.613526,0.050275,1.548796,0,0
cuda,MBartForConditionalGeneration,2,44.938912,42.846114,41.700665,36.596899,35.164327,3.649572,28.320141,3.812844,3.264336,0.125080,1.536736,0,0
cuda,MT5ForConditionalGeneration,16,47.074704,45.042356,43.796175,39.950572,39.182528,2.371331,35.256652,2.608695,2.572750,0.099730,1.555364,0,0
cuda,MegatronBertForCausalLM,4,27.333789,25.105989,24.059155,19.970680,19.135256,2.039049,15.446641,2.378245,2.168159,0.072192,0.572683,0,0
cuda,MegatronBertForQuestionAnswering,8,27.715382,25.521301,24.461976,20.371819,19.164797,2.024244,15.485267,2.327628,1.987887,0.069029,0.833483,0,0
cuda,MobileBertForMaskedLM,128,50.087596,44.775684,43.449327,35.721152,33.597566,3.852715,25.683044,3.431530,3.899442,0.183892,2.345240,0,0
cuda,MobileBertForQuestionAnswering,128,47.371837,41.683582,40.364099,32.661000,30.689932,3.354411,23.339405,3.381172,3.407045,0.182279,1.752635,0,0
cuda,OPTForCausalLM,2,25.482253,24.628019,23.577489,21.667240,21.226380,1.520894,18.499302,1.483188,1.779432,0.048713,1.458098,0,0
cuda,PLBartForCausalLM,8,19.997280,19.489924,18.641142,17.601867,16.568417,0.788178,15.136319,0.780493,1.102478,0.026582,1.621402,0,0
cuda,PLBartForConditionalGeneration,4,30.930803,29.741394,28.763246,26.207028,25.161557,1.977327,21.567686,2.098522,1.937991,0.070569,1.563209,0,0
cuda,PegasusForCausalLM,32,26.217211,25.368474,24.349914,22.451827,21.472718,1.563263,18.696775,1.423835,1.617133,0.050955,1.658478,0,0
cuda,PegasusForConditionalGeneration,32,41.737025,39.663879,38.525566,33.401321,31.915669,3.626688,25.121397,3.774451,3.243026,0.120825,1.502576,0,0
cuda,RobertaForCausalLM,16,21.968801,20.712215,19.769394,17.662228,16.565414,1.313114,14.365615,1.206160,1.345631,0.038523,1.149562,0,0
cuda,RobertaForQuestionAnswering,16,21.076024,19.845737,18.933432,16.812936,15.965360,1.113470,13.785254,1.132066,1.299433,0.039002,0.913286,0,0
cuda,Speech2Text2ForCausalLM,256,19.845439,19.376860,18.509147,17.401606,17.122463,0.861614,15.670075,0.952381,1.218351,0.026544,1.505571,0,0
cuda,T5ForConditionalGeneration,4,40.747468,39.245987,38.167677,35.541214,34.782838,1.465965,32.251974,1.815423,2.007085,0.069544,2.085878,0,0
cuda,T5Small,4,40.822371,39.343435,38.274648,35.640670,34.871763,1.483248,32.315095,1.836371,2.008320,0.071071,2.088280,0,0
cuda,TrOCRForCausalLM,32,24.445032,23.584116,22.572681,20.646675,19.498693,1.567806,16.744544,1.457957,1.629247,0.052824,1.674690,0,0
cuda,XGLMForCausalLM,8,33.475602,31.801303,30.740953,26.893969,25.944692,2.725297,20.734244,3.039297,3.162616,0.115148,1.143963,0,0
cuda,XLNetLMHeadModel,8,52.439216,50.379132,49.290654,40.738112,39.331695,3.897758,32.547717,3.801900,10.365856,5.098835,0.133633,1.665711,0
cuda,YituTechConvBert,16,33.439126,31.829515,30.835707,27.697024,25.972939,2.128572,22.465725,2.112162,1.946385,0.061941,2.017143,0,0
cuda,DALLE2_pytorch,1,230.296134,212.358290,208.434154,190.504450,174.516807,17.188051,149.476478,20.309408,13.959085,0.369713,28.240573,0,0
cuda,DALLE2_pytorch,1,223.748195,205.964180,204.260540,186.401259,173.593519,16.987234,148.851578,20.070189,13.484575,0.374234,28.247644,0,0
cuda,DALLE2_pytorch,1,222.654665,205.059024,203.332145,185.588159,172.773247,16.807287,148.247968,19.970164,13.419834,0.375119,28.248895,0,0
cpu,mobilenet_v2_quantized_qat,96,1.558858,1.051724,0.289108,0.268883,0.000441,0,0,0,0,0,0,0,0
cuda,stable_diffusion_text_encoder,1,53.492690,50.375225,48.895052,26.701896,52.357944,5.045302,43.439720,6.596760,5.523861,0.505078,3.542907,26.239241,0
cuda,stable_diffusion_unet,1,94.694263,91.284025,90.043760,83.135912,80.556046,6.428112,70.848580,9.016752,5.997040,0.161865,13.432818,0,0
cuda,lennard_jones,1024,11.313831,11.042371,10.296232,7.461577,11.566678,0.298803,10.973712,0.357270,0.700441,0.009693,0.438367,4.128454,0
cuda,lennard_jones,1000,10.501079,10.238363,9.526924,7.340678,11.399378,0.298835,10.839351,0.357397,0.680759,0.009617,0.438135,4.081973,0
cuda,lennard_jones,1000,5.789340,5.737425,5.013258,4.936504,4.309649,0.057296,4.194994,0.034091,0.607854,0.002431,0.262292,0,0
cuda,resnext50_32x4d,8,27.110302,26.509046,25.742315,24.301801,23.990539,1.257177,22.066267,0.594352,1.301384,0.025133,1.738935,0,0
cuda,resnext50_32x4d,8,92.623175,89.913760,88.903890,78.313911,101.877230,7.355732,90.284276,10.166637,5.585151,0.211527,8.952917,23.957265,0
cuda,hf_Whisper,8,48.404184,47.237240,46.380571,41.728069,51.266782,2.628633,47.041020,3.734973,2.695299,0.078284,3.582820,9.795396,0
cuda,opacus_cifar10,64,32.173847,30.742337,29.887506,29.293767,28.820669,0.696013,27.855918,1.086715,1.034878,0.015939,2.175157,0,0
cuda,detectron2_maskrcnn_r_50_c4,1,68.294442,62.525608,61.500745,58.185481,57.183829,2.351480,53.357278,1.597605,10.572681,0.051912,6.660532,9.726115,0
cuda,BERT_pytorch,16,32.660401,31.305075,28.704873,26.468962,23.070232,1.827796,19.911005,1.717396,2.106247,0.049387,1.602176,0,0
cuda,BERT_pytorch,16,46.394874,44.475027,42.781282,27.518978,50.213486,4.334700,43.031533,5.113701,4.054806,0.272822,3.700230,23.110309,0
cuda,Background_Matting,1,42.716738,42.118119,41.272323,39.252050,38.638109,1.826110,35.939871,1.323994,1.853712,0.031364,3.941526,0,0
cuda,Background_Matting,4,89.712896,86.314619,85.264867,74.493726,118.341427,8.872635,105.008648,12.193217,7.518233,0.249346,16.280092,44.253740,0
cuda,LearningToPaint,96,35.618824,35.052269,34.266436,31.031099,46.327052,2.302966,43.174842,2.422831,2.077843,0.077330,4.640317,15.349764,0
cuda,DALLE2_pytorch,1,223.252542,205.606150,203.847328,186.098323,173.204329,16.885574,148.637099,20.141257,13.388026,0.371145,28.211435,0,0
cuda,LearningToPaint,96,26.860841,26.599661,25.823103,25.134469,24.547280,0.493243,23.758912,0.295156,0.769284,0.013163,1.801114,0,0
cuda,Super_SloMo,6,88.274652,86.116840,85.167310,77.415845,103.405545,7.027928,93.160217,12.206657,8.629821,0.179101,13.286930,26.227981,0
cuda,alexnet,128,18.769387,18.572923,17.818522,17.095754,33.007663,0.379191,32.367153,3.100345,2.618840,0.014370,3.153586,15.920044,0
cuda,Super_SloMo,6,73.817538,73.152191,72.326236,70.397818,69.899494,4.911185,63.970324,5.263694,4.952922,0.039381,7.222204,0,0
cuda,alexnet,128,13.667906,13.591310,12.849717,12.745070,12.628612,0.141645,12.434091,0.196208,0.781214,0.004766,0.749618,0,0
cuda,basic_gnn_edgecnn,1,17.187393,16.012466,15.975767,14.950283,23.538626,0.386375,22.829725,0.525913,0.959248,0.018158,1.523780,8.731829,0
cuda,basic_gnn_edgecnn,1,7.240867,7.010548,6.991984,6.842582,6.700318,0.100948,6.521903,0.076262,0.700743,0.003128,0.584634,0,0
cuda,basic_gnn_gcn,1,15.389703,14.984046,14.960429,14.754110,14.612310,0.088919,14.459327,0.086359,0.685482,0.006098,1.062628,0,0
cuda,basic_gnn_gcn,1,17.763208,16.797887,16.763485,16.034785,22.358446,0.240442,21.925332,0.438554,0.813950,0.013743,1.598624,6.469814,0
cuda,basic_gnn_gin,1,8.547090,8.345891,8.328737,8.179315,8.037603,0.093525,7.858917,0.065398,0.675138,0.003070,0.736289,0,0
cuda,basic_gnn_gin,1,13.160918,12.595091,12.559401,11.510719,16.584764,0.379057,15.888755,0.500612,0.924729,0.013568,1.183782,5.233814,0
cuda,basic_gnn_sage,1,12.888450,12.705427,12.686678,12.535080,12.393267,0.089342,12.228347,0.075254,0.691647,0.003460,1.188278,0,0
cuda,basic_gnn_sage,1,15.331274,14.692830,14.659476,13.768499,18.215530,0.300861,17.671793,0.386313,0.857215,0.011550,1.446821,4.470014,0
cuda,dcgan,32,13.897583,13.727964,13.035305,12.268910,21.337600,0.298261,20.871748,0.309919,0.824295,0.011036,1.658104,9.079254,0
cuda,demucs,4,32.855451,32.306375,31.532958,30.417535,46.531814,0.936002,45.122976,1.496105,1.947201,0.037019,11.995183,16.277109,0
cuda,cm3leon_generate,1,154.532305,146.168813,144.544223,130.920091,97.108746,7.787547,81.567737,10.134526,8.822976,0.309424,14.132743,0,0
cuda,dcgan,256,10.249300,10.172452,9.486849,9.335580,9.226072,0.123356,9.034377,0.208856,0.685675,0.003918,0.465448,0,0
cuda,demucs,8,28.789310,28.406406,27.657252,27.357643,27.239476,0.245315,26.875893,0.353404,1.100358,0.014261,5.046430,0,0
cuda,densenet121,64,64.142665,62.539289,61.539133,58.202882,57.753074,3.137341,53.099450,4.265917,3.808207,0.079691,9.492492,0,0
cuda,densenet121,4,106.160218,102.910224,101.891388,84.335171,154.168678,10.994740,137.935422,17.086269,10.658567,1.107931,32.136024,70.179706,0
cuda,dlrm,1024,14.632702,14.372658,13.625573,10.653725,26.178158,0.246512,25.736733,0.423103,0.740977,0.014575,2.831581,15.535144,0
cuda,detectron2_fasterrcnn_r_101_c4,1,63.887611,56.875400,55.856440,52.169612,51.574595,2.807805,47.135810,1.637113,10.109063,0.060803,5.390171,6.759272,0
cuda,drq,1,23.435476,22.896382,22.079244,18.195352,27.879867,0.556205,26.895643,0.711939,0.988883,0.020939,1.659985,9.726130,0
cuda,detectron2_fasterrcnn_r_101_dc5,1,59.294979,53.306569,52.260959,48.594977,47.710623,2.793055,43.285577,1.794271,7.109785,0.059423,4.255469,4.924897,0
cuda,fastNLP_Bert,6,42.709184,41.246580,40.398452,30.396500,50.891619,3.385188,44.867369,4.621635,4.059228,0.255667,4.701705,20.746698,0
cuda,detectron2_fasterrcnn_r_101_fpn,1,76.337067,68.285365,67.200966,62.644542,61.969286,3.714557,56.368488,2.424839,8.143769,0.080706,8.557938,4.978682,0
cuda,functorch_dp_cifar10,64,52.688141,51.425247,50.620077,46.125807,84.114225,3.536598,78.663151,5.828694,3.791928,0.088559,10.443252,38.161288,0
cuda,detectron2_fasterrcnn_r_50_c4,1,52.596555,48.703247,47.754593,45.506191,44.825305,1.712401,42.081646,1.223690,6.575948,0.039911,5.199320,4.944057,0
cuda,functorch_maml_omniglot,1,20.878598,20.519125,19.801422,17.763341,31.164707,0.574325,30.244416,1.710370,1.672528,0.018200,2.391418,13.434831,0
cuda,detectron2_fasterrcnn_r_50_dc5,1,52.364643,48.442910,47.486397,45.088177,44.598281,1.714019,41.971407,1.380845,6.557814,0.040054,4.257668,4.913931,0
cuda,detectron2_fasterrcnn_r_50_fpn,1,68.869853,63.139796,62.114110,58.788942,58.178959,2.434871,54.445588,1.771308,7.783499,0.059209,8.128083,4.970922,0
cuda,lennard_jones,1000,10.288751,10.032603,9.334149,7.259010,11.296034,0.291388,10.747425,0.355412,0.668666,0.009584,0.437789,4.060364,0
cuda,detectron2_fcos_r_50_fpn,1,56.743131,52.078129,51.089791,46.007192,45.680057,2.275218,41.379762,1.436003,7.907862,0.071315,4.673608,3.644238,0
cuda,maml_omniglot,5,21.834609,21.335861,20.610670,18.672568,31.583793,0.606464,30.612984,1.776261,1.695486,0.018882,2.402288,12.946809,0
cuda,microbench_unbacked_tolist_sum,1,9.312630,2.367010,1.638566,1.555139,1.446009,0.023237,1.386681,0.028110,0.575510,0.000628,0,0,0
cuda,detectron2_maskrcnn_r_101_c4,1,70.659178,63.766977,62.695101,58.081446,57.201197,3.418600,51.722541,2.032545,7.819309,0.072914,6.902871,7.605078,0
cuda,detectron2_maskrcnn_r_101_fpn,1,84.028202,75.327739,74.183600,68.808013,68.088329,4.165533,61.769737,2.487287,8.691463,0.089743,9.624249,7.634665,0
cuda,mnasnet1_0,32,105.361189,102.670558,101.660320,91.929617,119.904978,7.363408,107.743253,11.345123,7.244675,0.291896,10.220859,28.357272,0
cuda,detectron2_maskrcnn_r_50_c4,1,63.371517,58.600298,57.582926,54.351180,53.389378,2.365062,49.536853,1.846128,7.083484,0.052418,6.662724,7.648897,0
cuda,mobilenet_v2,96,56.099667,54.848709,54.036331,48.249046,78.243097,4.948992,70.814318,7.430833,5.269096,0.235737,10.092854,30.141010,0
cuda,detectron2_maskrcnn_r_50_fpn,1,77.349582,70.833921,69.758039,65.726758,65.078111,2.897107,60.636222,2.318524,8.296739,0.070487,9.012580,7.612094,0
cuda,dlrm,2048,12.255222,12.127349,11.427456,11.239212,10.372488,0.114956,10.155991,0.094545,0.553946,0.005425,1.045466,0,0
cuda,doctr_det_predictor,1,57.184257,55.172179,54.282606,51.796434,51.492671,1.959686,48.577940,1.541168,6.967158,0.041984,7.303873,3.668858,0
cuda,doctr_reco_predictor,1,19.888696,19.339339,18.496180,17.979549,17.845745,0.379329,17.252672,0.246144,0.865053,0.010986,0.920846,0,0
cuda,mobilenet_v3_large,32,115.081193,112.061305,110.912824,99.572369,155.082302,8.598868,141.645130,12.820770,7.060655,0.309302,21.142309,55.939594,0
cuda,drq,1,16.651925,16.520738,15.696173,15.558011,14.495789,0.105086,14.311460,0.130847,0.567289,0.005765,1.471230,0,0
cuda,fastNLP_Bert,1,23.243444,21.912419,21.068064,19.033363,17.080101,1.250476,14.888530,1.371920,1.567151,0.047880,0.783957,0,0
cuda,functorch_dp_cifar10,64,30.972243,30.754303,30.038645,29.455631,29.290418,0.797532,28.222090,0.955640,1.167738,0.016110,2.239352,0,0
cuda,functorch_maml_omniglot,1,14.011220,13.893969,13.204671,13.077062,12.664132,0.175001,12.428518,0.295798,0.600081,0.005063,0.694772,0,0
cuda,moco,32,141.747678,136.704728,134.984896,120.338118,155.340305,10.913371,138.239939,18.203140,10.621155,0.353984,17.948427,35.601986,0
cuda,nanogpt,1,57.862566,55.135136,54.026752,44.399418,62.129417,4.887248,53.694530,7.426817,3.745924,0.162371,2.426659,18.060887,0
cuda,nvidia_deeprecommender,256,16.548994,16.211949,15.508921,13.038000,22.872786,0.458524,22.087209,0.510626,0.791599,0.013803,2.334805,9.865732,0
cuda,hf_T5_generate,1,192.236858,165.458134,161.492962,118.869475,109.116669,18.744347,71.921009,19.547069,14.910745,0.646467,2.277403,0,0
cuda,phlippe_densenet,128,61.240127,59.693274,58.934492,52.138549,82.906057,4.397294,76.503225,6.675417,4.663728,0.178258,17.495474,30.907795,0
cuda,hf_Whisper,8,28.339520,27.768612,26.988617,26.336807,25.933034,0.724796,24.876411,0.873144,1.227937,0.021177,1.725983,0,0
cuda,phlippe_resnet,128,29.807334,29.273087,28.552531,25.444188,40.847034,1.746602,38.343611,1.977319,1.772701,0.060268,6.109406,15.455286,0
cuda,hf_distil_whisper,1,45.864490,44.146959,43.229100,39.523456,37.552124,2.573036,33.147780,3.645783,3.512239,0.144434,2.043723,0,0
cuda,lennard_jones,1000,5.719118,5.673810,4.975884,4.900517,4.277400,0.052073,4.172349,0.033714,0.598806,0.002405,0.261824,0,0
cuda,llama,32,22.455006,21.830668,20.998973,19.319069,18.834821,0.721722,17.500753,0.664894,1.342703,0.027297,1.175546,0,0
cuda,pytorch_CycleGAN_and_pix2pix,1,32.770753,31.824616,31.033679,27.200609,58.553574,3.162088,53.937987,4.311196,3.584414,0.088543,6.081074,31.482505,0
cuda,pytorch_stargan,16,21.411619,20.904752,20.164732,17.320138,33.026587,1.550681,30.482466,1.697337,1.525060,0.047603,3.805670,15.766613,0
cuda,pytorch_unet,1,62.293983,60.848684,60.033764,54.985063,73.467348,3.311247,68.242525,6.342921,4.009066,0.094805,9.191291,18.662380,0
cuda,maml_omniglot,5,10.767186,10.698199,10.007112,9.857214,9.442074,0.134882,9.240545,0.214226,0.562176,0.003760,0.699673,0,0
cuda,microbench_unbacked_tolist_sum,1,7.555881,0.826793,0.122437,0.103004,0.000554,0,0,0,0,0,0,0,0
cuda,mnasnet1_0,32,28.496841,27.935017,27.157218,25.755941,25.465353,1.166933,23.646897,0.480970,1.161435,0.023139,2.285099,0,0
cuda,mobilenet_v2,16,28.322509,27.752273,26.978565,25.432757,25.125637,1.232386,23.208521,0.485603,1.160076,0.022448,2.171469,0,0
cuda,mobilenet_v3_large,32,38.942660,38.271337,37.475184,35.761333,35.556579,1.449347,33.396937,0.886708,1.373566,0.029351,4.667278,0,0
cuda,resnet152,32,194.899764,187.513275,186.073639,154.057475,191.011419,22.745551,155.915662,34.175190,17.975729,1.359987,7.316323,38.687445,0
cuda,moco,32,62.991313,59.653196,58.330204,53.329652,52.731920,3.135867,47.708990,2.720469,2.765901,0.099878,8.745582,0,0
cuda,nanogpt,1,17.833543,17.138707,16.344855,14.763444,14.135421,0.961211,12.425641,0.932144,1.061480,0.026058,0.863785,0,0
cuda,resnet18,16,35.562318,35.016098,34.257910,31.847198,47.537224,1.812680,44.940728,3.447070,2.942425,0.070396,4.543274,15.741540,0
cuda,nvidia_deeprecommender,256,8.839320,8.760911,8.078953,7.958648,7.167822,0.242032,6.827457,0.069995,0.530932,0.003021,0.850709,0,0
cuda,opacus_cifar10,64,32.852232,31.382022,30.561953,29.963092,29.490246,0.694609,28.524066,1.083190,1.035985,0.016116,2.175344,0,0
cuda,phlippe_densenet,128,39.984066,39.264315,38.492826,36.715727,36.211739,1.258287,34.265865,1.138196,1.433096,0.035536,4.940676,0,0
cuda,phlippe_resnet,128,20.116697,19.871484,19.157939,18.509378,17.964833,0.451956,17.240977,0.242464,0.771934,0.012081,1.191970,0,0
cuda,resnet50,32,98.414875,95.722166,94.726343,84.709917,108.145870,7.629854,96.223614,11.611648,7.493205,0.304528,7.209110,24.160658,0
cuda,pyhpc_equation_of_state,1048576,8.293712,8.098487,7.300868,6.900991,6.778541,1.084933,5.408955,2.500922,1.119288,0.001792,0.039976,0,0
cuda,pyhpc_isoneutral_mixing,1048576,61.761201,61.202965,60.382836,57.655820,57.392452,4.610403,51.631144,4.685046,4.131615,0.021436,5.599330,0,0
cuda,resnext50_32x4d,8,92.257059,89.601761,88.588827,78.293936,101.585470,7.342344,90.006082,10.140569,5.566132,0.210011,8.949586,23.683139,0
cuda,pyhpc_turbulent_kinetic_energy,1048576,59.055750,58.358143,57.430946,54.390483,54.096665,3.950716,48.961694,3.390656,3.157190,0.020898,7.027420,0,0
cuda,pytorch_CycleGAN_and_pix2pix,1,21.998706,21.783993,21.058956,20.353409,20.138921,1.102561,18.690692,0.810394,1.238551,0.016687,1.640878,0,0
cuda,pytorch_stargan,16,22.106732,21.883744,21.125112,20.231168,20.020642,0.904915,18.761076,1.317081,1.003073,0.011184,2.329912,0,0
cuda,pytorch_unet,1,35.008846,34.634194,33.919432,33.057081,32.759369,0.883704,31.527060,0.741862,1.371833,0.017053,3.144469,0,0
cuda,shufflenet_v2_x1_0,128,54.396753,53.077416,52.261890,45.725417,84.437271,5.395598,76.725255,9.769015,6.645399,0.294117,10.574786,38.871428,0
cuda,soft_actor_critic,256,11.814553,11.509608,10.733744,8.759451,15.659681,0.219030,15.254411,0.255134,0.606120,0.008661,1.127887,6.917588,0
cuda,resnet152,32,37.057433,35.683571,34.723741,30.619461,30.124005,3.437391,24.813321,1.552362,2.359872,0.065040,1.885241,0,0
cuda,resnet18,8,21.629504,21.389798,20.652663,20.082083,19.943359,0.644328,19.035423,0.341528,1.003987,0.012277,1.184709,0,0
cuda,resnet50,32,27.598044,27.068849,26.302072,24.876275,24.572068,1.251829,22.656815,0.594359,1.292513,0.024580,1.885914,0,0
cuda,resnext50_32x4d,8,27.649955,27.126193,26.322176,24.871739,24.566600,1.255424,22.634171,0.593569,1.294123,0.024723,1.740038,0,0
cuda,squeezenet1_1,32,31.363267,31.000042,30.201834,28.940198,43.786663,0.865879,42.574540,3.603357,3.608899,0.040604,6.059812,14.865601,0
cuda,sam,32,88.278243,85.181266,83.958899,74.158626,68.668798,6.441388,57.598545,5.965463,5.007070,0.142821,8.031262,0,0
cuda,shufflenet_v2_x1_0,64,39.429417,38.840198,38.050335,36.431357,36.096236,1.547870,33.812022,0.953039,1.526748,0.028957,3.336004,0,0
cuda,soft_actor_critic,256,7.387228,7.296749,6.547973,6.479977,5.804344,0.051325,5.709942,0.028274,0.486818,0.002140,0.520518,0,0
cuda,timm_efficientnet,32,133.293114,128.887648,126.833518,113.607606,163.816252,10.115670,147.928993,14.989609,8.743410,0.379498,21.875901,50.962198,0
cuda,speech_transformer,1,42.777346,41.440667,40.565473,37.744543,35.066883,2.387415,30.925444,2.156248,2.462377,0.071115,2.918670,0,0
cuda,squeezenet1_1,16,18.169917,18.020582,17.285540,17.071265,16.960445,0.246966,16.640307,0.423844,0.940183,0.010086,1.319099,0,0
cuda,stable_diffusion_text_encoder,1,30.620580,29.203210,28.162657,24.820690,22.659156,2.301499,18.216862,2.733671,2.498688,0.087262,1.005295,0,0
cuda,timm_regnet,32,57.340964,53.699712,52.753412,44.190848,75.713662,5.607316,66.809943,6.783910,4.962029,0.285902,14.660818,31.970511,0
cuda,stable_diffusion_unet,1,95.449619,91.927913,90.686314,83.855171,81.303257,6.308733,71.768645,8.877326,5.852808,0.159659,13.426114,0,0
cuda,timm_resnest,32,75.326118,73.665348,72.714579,67.458910,102.849150,4.803993,95.650208,9.795215,6.281115,0.115150,18.136890,35.597163,0
cuda,timm_efficientnet,64,44.638840,43.572967,42.640466,40.964710,40.618982,1.516746,38.350041,0.916711,1.770305,0.036234,6.938457,0,0
cuda,timm_vision_transformer,32,25.616669,24.406390,23.518339,19.214891,39.348251,2.241202,35.726412,3.397484,2.985241,0.142682,3.093143,20.216452,0
cuda,timm_regnet,32,32.140274,30.503880,29.507076,27.661056,27.437006,1.647584,24.959530,0.952172,1.580483,0.035923,2.530068,0,0
cuda,timm_resnest,32,35.462780,35.056009,34.219931,33.436476,33.272933,0.971425,31.951885,1.365087,1.513019,0.016542,3.893811,0,0
cuda,timm_vision_transformer,32,14.870809,14.296433,13.427536,12.143162,11.880983,1.073817,10.125293,0.711221,1.092622,0.021198,0.742485,0,0
cuda,timm_vovnet,32,46.717776,44.679251,43.785457,39.228994,73.589889,3.734283,68.313904,6.480636,5.247080,0.115153,13.859251,34.468492,0
cuda,timm_vovnet,32,33.608075,32.756008,31.929155,30.896626,30.599222,1.070332,29.041828,0.875108,1.544894,0.023117,1.867208,0,0
cuda,torch_multimodal_clip,32,43.031211,42.443813,41.697029,38.551150,38.049379,2.075038,34.406024,2.816546,2.435359,0.061877,2.734766,0,0
cuda,tts_angular,64,2.412798,2.343251,1.629555,1.587962,1.478547,0.035906,1.424472,0.014733,0.662460,0.000575,0,0,0
cuda,vgg16,4,18.632608,18.522562,17.797020,17.635380,16.791400,0.165969,16.556444,0.230000,0.711427,0.008177,0.981539,0,0
cuda,torch_multimodal_clip,32,126.175261,122.260097,121.162286,102.936927,128.333772,11.013397,109.508468,18.072022,18.198964,6.465631,0.488207,5.496633,26.067907
cuda,tts_angular,64,7.557696,7.255302,6.533964,5.763922,7.186054,0.381105,6.550006,0.458767,0.775200,0.007271,1.554287,0.086544,0
cuda,vision_maskrcnn,1,69.459512,62.026735,60.966350,56.584767,55.535931,2.359691,51.773170,2.453916,3.365003,0.081757,9.971673,0,0
cuda,vgg16,64,23.021179,22.800109,22.056908,21.076296,33.436384,0.505549,32.690291,2.134772,1.988967,0.024585,4.317847,12.373338,0
cuda,yolov3,8,47.810912,46.865106,46.023362,43.108380,42.802478,2.353477,39.271600,2.261923,2.353836,0.046564,3.685807,0,0
cuda,adv_inception_v3,128,59.696204,57.765644,56.890469,53.923896,53.651825,2.441905,50.033578,2.725621,3.263643,0.055635,7.123859,0,0
cuda,beit_base_patch16_224,64,25.494779,24.568762,23.674146,22.066384,21.775143,1.293800,19.691171,1.069006,1.409425,0.032165,2.036172,0,0
cuda,botnet26t_256,128,45.537378,44.502560,43.611420,42.199967,41.176563,1.847367,38.814801,2.198485,1.699325,0.026796,4.799237,0,0
cuda,yolov3,8,129.485540,124.787508,123.693986,108.897164,157.879525,11.558920,139.813655,22.118587,11.912606,0.501445,11.141429,49.988629,0
cuda,cait_m36_384,4,58.935116,56.717795,55.724817,48.743731,46.299040,4.739517,37.810413,4.347915,4.078123,0.156040,3.128200,0,0
cuda,coat_lite_mini,128,82.278277,81.177857,80.280520,78.447890,76.255704,1.948602,73.249533,2.218368,2.147970,0.045167,18.599298,0,0
cuda,adv_inception_v3,128,93.700368,89.580843,88.680078,77.816851,163.963428,9.131181,150.934667,24.807950,19.186883,0.610420,24.360972,86.403378,0
cuda,convit_base,64,46.355938,45.385823,44.458246,42.386532,40.739626,1.689950,37.840569,1.655799,2.011712,0.055530,4.579338,0,0
cuda,convmixer_768_32,32,17.126296,16.325385,15.489666,13.265010,13.032877,1.653581,10.463527,0.653537,1.360875,0.033871,1.022381,0,0
cuda,convnext_base,64,43.651766,42.258708,41.335577,38.870839,38.492635,2.016741,35.056843,1.914402,1.959567,0.058898,4.637265,0,0
cuda,beit_base_patch16_224,64,71.903543,68.086821,66.936006,56.326092,76.734491,7.050189,65.435141,9.663407,5.558728,0.233957,3.150949,20.828308,0
cuda,crossvit_9_240,256,62.038924,60.965939,60.039555,57.375401,55.721192,2.352600,51.995435,3.005002,2.719368,0.054266,7.353096,0,0
cuda,botnet26t_256,128,62.012988,60.089711,59.196030,52.428038,89.256441,4.366882,83.196463,9.119496,6.552426,0.161735,13.023735,36.924279,0
cuda,cspdarknet53,64,47.177825,45.742432,44.829278,42.368382,42.114682,1.637532,39.493134,1.351165,1.704017,0.041068,6.498978,0,0
cuda,deit_base_distilled_patch16_224,64,20.155985,19.444390,18.576706,17.252647,16.987082,0.962004,15.309438,1.000792,1.216185,0.026893,1.347791,0,0
cuda,dla102,128,45.772830,44.553224,43.636255,40.317407,39.882098,2.181523,36.347757,1.461776,1.998817,0.062097,6.338749,0,0
cuda,cait_m36_384,4,82.683590,77.786344,76.637237,49.253985,90.909349,10.359811,73.177733,14.371076,12.123144,1.707944,7.990345,42.070243,0
cuda,dm_nfnet_f0,128,45.533714,43.934420,42.970063,40.922719,40.460086,1.896717,37.608875,1.978602,2.100942,0.052217,5.177311,0,0
cuda,dpn107,64,93.652653,91.038787,89.975307,85.981650,85.491400,2.811131,81.083997,2.737494,3.012658,0.069334,19.175513,0,0
cuda,coat_lite_mini,128,66.358351,64.442159,63.499011,53.671036,113.204348,4.420938,106.718050,7.344678,6.014260,0.191655,24.891857,59.642630,0
cuda,eca_botnext26ts_256,128,47.129712,46.051337,45.148302,43.585769,42.715377,1.950210,40.022074,2.353814,1.948089,0.031820,6.088143,0,0
cuda,eca_halonext26ts,128,59.601304,58.460043,57.552936,55.939634,54.410957,2.474399,51.184531,5.889264,3.349216,0.032798,8.130090,0,0
cuda,ese_vovnet19b_dw,256,37.461914,36.653046,35.671481,34.789871,34.635644,0.828793,33.434850,0.830747,1.538019,0.022394,6.483794,0,0
cuda,convmixer_768_32,32,32.153327,30.537224,29.698940,22.242322,43.891139,6.066514,35.161863,7.080921,5.229313,0.347019,2.228564,21.820854,0
cuda,fbnetc_100,512,38.668145,37.508056,36.593972,34.584179,34.222350,1.290157,32.107821,0.685208,1.430905,0.037138,6.091027,0,0
cuda,fbnetv3_b,256,53.414675,51.509761,50.633732,46.893551,46.568408,2.784187,42.262948,1.631286,2.708791,0.070705,9.108665,0,0
cuda,gernet_l,128,33.879920,32.660815,31.688468,29.940320,29.510398,1.172366,27.611877,0.603379,1.292334,0.032143,2.789090,0,0
cuda,convnext_base,64,147.048583,141.203379,139.868786,122.648663,168.610080,12.009569,149.124987,18.936261,11.242169,0.517465,17.707304,47.163867,0
cuda,ghostnet_100,512,55.248354,54.031696,53.139970,50.195815,49.776247,1.919733,46.651181,1.422636,2.006182,0.056566,11.994456,0,0
cuda,gluon_inception_v3,256,59.507240,57.595602,56.722769,53.746310,53.474106,2.440799,49.849348,2.711082,3.244457,0.055486,7.646255,0,0
cuda,gmixer_24_224,128,42.739890,41.659087,40.709940,38.120566,36.828657,2.375534,32.735286,2.547073,2.566477,0.050143,4.335232,0,0
cuda,gmlp_s16_224,128,34.933363,33.901411,32.996435,30.458005,29.617409,2.305573,25.884412,2.512925,1.948230,0.045102,2.962109,0,0
cuda,crossvit_9_240,256,134.820770,130.307176,129.164190,110.353370,146.872660,10.714769,129.662947,16.181756,10.368191,0.415723,11.688168,37.117390,0
cuda,hrnet_w18,128,80.001181,76.356570,75.318199,64.237834,63.367819,7.393958,51.525740,3.846668,4.988826,0.160270,6.777772,0,0
cuda,inception_v3,128,59.653320,57.736629,56.861429,53.878485,53.604011,2.449710,49.966337,2.733052,3.277201,0.056026,7.124536,0,0
cuda,cspdarknet53,64,129.685572,124.633184,123.419107,109.052342,144.220927,10.699412,127.567800,16.545513,9.187082,0.449330,14.029700,35.692080,0
cuda,jx_nest_base,32,69.822189,68.174790,67.219214,63.767006,61.679999,3.024299,56.649075,3.083015,2.615446,0.080385,7.195683,0,0
cuda,deit_base_distilled_patch16_224,64,60.664399,58.012855,56.953968,48.427884,68.921029,5.063646,60.332264,8.287363,4.493979,0.185660,3.271735,20.821863,0
cuda,lcnet_050,256,31.710290,31.014890,30.179008,29.051677,28.882761,0.772814,27.659257,0.653129,1.059761,0.020934,3.126782,0,0
cuda,levit_128,1024,50.587131,49.253511,48.300343,45.134197,42.216829,2.319712,38.666654,1.602049,1.915140,0.050181,6.693352,0,0
cuda,mixer_b16_224,128,37.175498,36.545948,35.705223,34.450369,33.537642,1.377704,31.327101,1.210799,1.510667,0.028785,4.828228,0,0
cuda,mixnet_l,128,66.517363,64.718785,63.835310,60.762600,60.489820,2.438828,56.813859,1.950812,3.138732,0.082299,13.163861,0,0
cuda,dla102,128,164.937074,159.305480,158.001450,137.030696,177.429948,16.035660,152.872138,25.506039,13.074831,0.900965,14.767281,41.174421,0
cuda,mnasnet_100,512,36.503159,35.445433,34.559683,32.966336,32.770358,1.194285,30.923103,0.573878,1.282088,0.031600,5.505354,0,0
cuda,mobilenetv2_100,128,35.808081,34.748644,33.867009,32.113540,31.906477,1.097734,29.971662,0.574882,1.245849,0.030166,4.446639,0,0
cuda,mobilenetv3_large_100,512,45.450306,44.345873,43.451717,41.627356,41.417928,1.263308,39.264874,0.827279,1.495832,0.039346,9.087235,0,0
cuda,dm_nfnet_f0,128,117.892283,111.971561,110.725348,96.567952,141.511844,11.036964,124.481927,14.369273,7.395364,0.368517,15.143388,45.499856,0
cuda,mobilevit_s,64,70.240691,68.926894,68.015813,65.786607,65.333183,2.658652,61.651920,6.733547,5.248684,0.049863,8.592262,0,0
cuda,nfnet_l0,128,47.221166,45.830824,44.778555,42.853883,42.496904,1.586344,39.934048,1.767112,2.219084,0.051881,6.973186,0,0
cuda,pit_b_224,64,47.862769,46.985298,46.107964,44.566717,43.968632,1.306165,41.841464,1.157398,1.389225,0.034552,6.494296,0,0
cuda,dpn107,64,96.305361,90.745118,89.779563,74.149017,127.641741,9.561759,113.515251,11.485900,9.669313,0.378304,38.210699,53.803217,0
cuda,pnasnet5large,16,84.447383,80.968863,79.900260,72.647177,72.113461,6.326380,62.636068,6.276075,6.571901,0.160981,10.527905,0,0
cuda,poolformer_m36,64,83.239627,81.233649,80.190848,77.544828,77.146334,6.066802,69.875746,10.436372,7.184355,0.087789,10.074012,0,0
cuda,eca_botnext26ts_256,128,91.207160,88.178462,87.112076,77.604601,127.282733,7.421004,116.622153,11.073305,6.837528,0.172090,20.593410,49.962477,0
cuda,regnety_002,1024,39.204365,38.066726,37.165968,35.581357,35.251816,1.130598,33.452863,0.719557,1.492140,0.035378,5.662343,0,0
cuda,repvgg_a2,128,31.938130,30.778583,29.880293,27.968477,27.758383,1.279163,25.740801,0.636016,1.226608,0.026198,2.391904,0,0
cuda,res2net101_26w_4s,128,60.875863,59.191673,58.205166,52.041028,51.603002,3.985703,44.944089,3.184070,3.977771,0.099880,6.615120,0,0
cuda,eca_halonext26ts,128,100.349426,96.566485,95.605868,85.619912,139.871363,7.266785,129.164719,15.585250,8.049132,0.186567,23.896117,54.553537,0
cuda,res2net50_14w_8s,128,66.960518,65.506630,64.512742,58.603335,58.192800,4.048467,51.691498,3.060252,3.787861,0.084374,9.542814,0,0
cuda,res2next50,128,49.917873,48.908200,48.028331,45.014067,44.605444,2.106712,41.250824,2.186544,2.591642,0.051844,6.387923,0,0
cuda,ese_vovnet19b_dw,256,78.584685,75.801342,74.713029,68.516622,99.344912,4.671627,92.142614,9.242970,6.353693,0.162555,14.139933,31.050851,0
cuda,resmlp_12_224,128,23.100683,22.504879,21.629651,20.660557,19.881348,0.617605,18.778411,0.562068,0.927281,0.024056,3.014455,0,0
cuda,resnest101e,64,60.310910,58.218210,57.303934,51.873378,51.350130,4.300906,44.666732,3.365099,3.771455,0.101322,8.575308,0,0
cuda,rexnet_100,256,69.821372,68.156556,67.236424,64.732551,64.494897,1.645846,61.895489,1.420614,1.836463,0.052792,16.713624,0,0
cuda,sebotnet33ts_256,64,55.882880,54.570080,53.634222,51.642952,50.213241,2.296339,47.178659,3.285500,2.134039,0.041275,7.128696,0,0
cuda,selecsls42b,128,34.328272,33.732613,32.905224,31.576580,31.397230,0.906707,29.952767,0.754893,1.264171,0.025621,3.479087,0,0
cuda,spnasnet_100,128,38.961199,37.693899,36.784450,34.831749,34.476573,1.269240,32.401740,0.687520,1.385330,0.036754,5.519284,0,0
cuda,fbnetv3_b,256,86.107436,82.268460,81.239324,68.735828,134.124213,10.516003,117.691466,14.278411,9.950244,0.682500,24.643937,65.691549,0
cuda,gernet_l,128,50.407006,47.715774,46.788667,40.506955,63.276608,4.555362,56.591505,6.946332,4.865658,0.244751,7.024306,22.910066,0
cuda,swin_base_patch4_window7_224,64,80.865217,78.730937,77.726054,73.204695,70.437013,4.470392,63.284556,6.145224,4.609172,0.083760,10.452574,0,0
cuda,swsl_resnext101_32x16d,32,38.531639,37.484742,36.602575,33.310718,32.872272,2.119329,29.407380,1.267894,1.956964,0.056477,3.060452,0,0
cuda,tf_efficientnet_b0,128,50.646829,49.374179,48.470772,46.478295,46.120848,1.332762,43.947658,1.056729,1.946246,0.050690,10.896515,0,0
cuda,ghostnet_100,512,91.354978,88.847358,87.905149,77.299267,152.080938,8.513503,139.862584,11.572313,8.344991,0.557182,32.347137,75.018976,0
cuda,tf_mixnet_l,128,68.491887,66.578481,65.702745,62.609209,62.334011,2.480659,58.600247,2.113407,3.283344,0.084921,14.660915,0,0
cuda,tinynet_a,128,50.998848,49.714097,48.782561,46.467365,46.083631,1.556591,43.551738,1.349552,1.928076,0.056453,10.195244,0,0
cuda,tnt_s_patch16_224,128,57.323435,56.013382,54.960037,51.098111,49.131049,3.113618,44.061580,4.581848,3.190576,0.091100,5.464340,0,0
cuda,twins_pcpvt_base,128,52.974905,51.281259,50.263562,45.859690,45.210092,3.180506,39.801243,3.303233,2.735883,0.088415,5.613745,0,0
cuda,visformer_small,128,50.186503,49.426560,48.548851,47.002273,45.792290,1.331532,43.713521,0.950927,1.396899,0.039259,7.754050,0,0
cuda,vit_base_patch16_224,64,21.779587,21.089641,20.209818,18.905744,18.642557,0.974871,16.968349,1.017592,1.234375,0.026964,1.593713,0,0
cuda,gmixer_24_224,128,40.111740,37.906454,36.919265,26.331056,53.487891,5.299323,45.163525,6.274894,5.739971,0.370047,4.934288,27.328432,0
cuda,volo_d1_224,64,65.971397,64.740826,63.762428,60.806312,58.331168,2.916859,53.775298,3.162868,2.693767,0.067866,8.296777,0,0
cuda,xcit_large_24_p8_224,16,61.384799,59.387533,58.277460,52.242687,51.418423,4.734104,43.292536,4.261479,4.061971,0.112755,3.220009,0,0
cuda,gmlp_s16_224,128,85.645236,80.647128,79.455977,62.034793,90.556486,10.359226,72.443800,16.848822,9.159886,0.438976,6.189519,29.437361,0
cuda,AlbertForMaskedLM,4,23.676418,22.729408,21.833691,19.912216,19.441248,1.181994,17.419976,1.419178,1.343956,0.028328,1.582698,0,0
cuda,AlbertForQuestionAnswering,4,23.575135,22.712830,21.846227,19.922111,19.087955,1.167995,17.070278,1.390300,1.197707,0.028991,1.708707,0,0
cuda,AllenaiLongformerBase,4,74.392909,71.437558,70.207278,61.152514,59.322070,8.566706,47.027723,7.391444,6.471777,0.068321,3.934137,0,0
cuda,BartForCausalLM,4,20.685458,19.932573,18.986973,17.237845,16.328127,1.183919,14.099352,1.366226,1.364849,0.046888,1.443395,0,0
cuda,BartForConditionalGeneration,2,35.875707,34.050221,32.997637,28.386047,27.047683,3.092984,21.176981,3.284149,2.815425,0.115589,1.430656,0,0
cuda,BertForMaskedLM,16,20.136680,18.892784,18.022894,15.974022,15.025866,1.274565,12.878686,1.156867,1.275420,0.038643,1.041915,0,0
cuda,BertForQuestionAnswering,16,19.800599,18.577322,17.700132,15.654545,14.814500,1.261192,12.691010,1.122459,1.256342,0.038734,0.912045,0,0
cuda,hrnet_w18,128,162.679836,155.023177,153.802706,106.572965,195.153574,26.099647,157.125473,38.475007,23.955615,3.837464,28.135653,92.035348,0
cuda,BlenderbotSmallForCausalLM,64,21.162645,20.526108,19.670666,18.239269,17.368329,0.999343,15.523386,1.145892,1.244610,0.035152,1.709503,0,0
cuda,BlenderbotSmallForConditionalGeneration,64,32.886568,31.411522,30.433572,27.145623,25.947704,2.318264,21.428638,2.582491,2.330330,0.085309,1.881190,0,0
cuda,CamemBert,16,20.972670,19.731408,18.840549,16.791076,15.784715,1.122342,13.618874,1.155040,1.268348,0.038788,1.077471,0,0
cuda,DebertaForMaskedLM,8,26.211302,24.771532,23.813757,21.686728,20.752194,1.530634,18.057399,1.196086,1.454580,0.043201,1.672976,0,0
cuda,DebertaForQuestionAnswering,16,25.825779,24.421780,23.444123,21.319373,20.531318,1.519534,17.838423,1.175815,1.441958,0.042542,1.568395,0,0
cuda,DebertaV2ForMaskedLM,2,34.693971,32.384157,31.370082,27.291090,26.003986,3.009636,20.415824,3.007731,2.514306,0.104037,1.416684,0,0
cuda,DebertaV2ForQuestionAnswering,1,33.139178,30.831796,29.823210,25.764475,24.587877,2.791245,19.211154,2.827284,2.411310,0.102823,1.315261,0,0
cuda,inception_v3,128,175.323014,168.573568,167.321903,147.656130,233.169736,14.389081,210.350596,34.804255,22.069615,0.724788,24.357128,86.222297,0
cuda,DistilBertForMaskedLM,128,24.094242,23.583753,22.754574,21.647480,20.698689,0.986353,19.010454,0.987881,1.077036,0.026873,2.196528,0,0
cuda,DistilBertForQuestionAnswering,256,23.124883,22.632262,21.827991,20.598529,19.936580,0.835346,18.404572,0.892757,1.050384,0.027348,2.228407,0,0
cuda,DistillGPT2,16,24.526454,23.897081,23.023146,22.038252,21.040798,0.813113,19.729905,0.725819,1.025039,0.023162,2.149334,0,0
cuda,ElectraForCausalLM,32,23.438920,22.186899,21.318712,19.252289,18.328386,1.436304,16.016525,1.276251,1.307120,0.038990,1.431547,0,0
cuda,ElectraForQuestionAnswering,64,21.594935,20.377494,19.491501,17.446836,16.610979,1.092431,14.525704,1.111583,1.245373,0.038658,1.157078,0,0
cuda,GPT2ForSequenceClassification,4,26.525064,25.333415,24.376930,22.522152,21.756507,1.444223,19.380331,1.390990,1.470488,0.044852,1.152261,0,0
cuda,GoogleFnet,16,14.408679,13.673262,12.754883,11.934420,11.724179,0.805576,10.491911,0.819020,1.044161,0.016231,0.567692,0,0
cuda,jx_nest_base,32,142.653536,135.769639,134.383235,110.294410,151.749436,12.533657,130.894727,21.885539,13.003661,0.556042,12.799562,42.592119,0
cuda,LayoutLMForMaskedLM,16,20.342634,19.055525,18.176228,16.033181,15.076129,1.129064,12.896336,1.155406,1.263405,0.039969,1.042663,0,0
cuda,LayoutLMForSequenceClassification,16,19.909147,18.663062,17.789862,15.716050,14.875724,1.272081,12.735587,1.098794,1.241655,0.037606,0.655237,0,0
cuda,lcnet_050,256,44.282620,42.950011,42.071368,38.307291,62.053045,3.489758,57.037916,4.391854,3.679504,0.127176,8.592101,24.120857,0
cuda,M2M100ForConditionalGeneration,16,37.867429,35.852386,34.782942,29.915181,29.004535,3.294502,22.767739,3.659678,3.280394,0.152829,1.039976,0,0
cuda,MBartForCausalLM,4,25.174016,24.301711,23.292094,21.382792,20.381765,1.579571,17.607576,1.422067,1.596652,0.050384,1.550697,0,0
cuda,MBartForConditionalGeneration,2,44.090598,42.004044,40.888886,35.806909,34.410311,3.593258,27.675064,3.739308,3.237927,0.122355,1.539597,0,0
cuda,MT5ForConditionalGeneration,16,46.006742,43.984107,42.836113,38.987167,38.211007,2.344742,34.286398,2.570826,2.522292,0.100240,1.556173,0,0
cuda,MegatronBertForCausalLM,4,26.717459,24.525244,23.545735,19.506276,18.682058,2.036965,15.015999,2.347048,2.114468,0.070812,0.572872,0,0
cuda,levit_128,1024,145.769084,141.039404,139.782006,117.855320,179.241941,12.139940,160.444174,19.732029,11.626220,0.488054,24.637183,62.502215,0
cuda,MegatronBertForQuestionAnswering,8,27.013469,24.852809,23.870513,19.787689,18.569501,2.021328,14.906686,2.274476,1.955228,0.067380,0.833987,0,0
cuda,MobileBertForMaskedLM,128,48.900726,43.674052,42.423590,34.766845,32.718285,3.795050,24.947272,3.384211,3.819513,0.184065,2.345621,0,0
cuda,mixer_b16_224,128,64.309617,61.797739,60.751448,51.037173,72.460638,5.486615,63.351807,7.873286,5.203309,0.178281,5.596786,22.118422,0
cuda,MobileBertForQuestionAnswering,128,46.484788,40.869586,39.614612,31.949724,30.031495,3.312521,22.742584,3.346452,3.372466,0.183427,1.752454,0,0
cuda,OPTForCausalLM,2,24.863648,24.003252,23.021821,21.137962,20.702439,1.520945,17.982962,1.478586,1.745998,0.050522,1.458903,0,0
cuda,PLBartForCausalLM,8,19.455074,18.943955,18.140964,17.130362,16.135998,0.788617,14.707087,0.771993,1.068279,0.026895,1.619745,0,0
cuda,PLBartForConditionalGeneration,4,30.125835,28.938046,27.997128,25.430008,24.390581,1.931840,20.853020,2.023165,1.886507,0.070864,1.566719,0,0
cuda,PegasusForCausalLM,32,26.852515,25.995858,25.038779,23.143748,21.113683,1.530159,18.382305,1.411769,1.595091,0.051294,1.667081,0,0
cuda,mixnet_l,128,93.450022,89.906598,88.878606,78.827904,143.671420,8.290210,131.355909,10.915580,9.276896,0.562627,33.517163,65.072577,0
cuda,PegasusForConditionalGeneration,32,40.866887,38.807668,37.688819,32.703558,31.230340,3.556858,24.585439,3.704238,3.161077,0.120490,1.502836,0,0
cuda,RobertaForCausalLM,16,21.607707,20.344195,19.446875,17.353961,16.234732,1.286109,14.065092,1.212438,1.298832,0.039010,1.150768,0,0
cuda,RobertaForQuestionAnswering,16,20.514490,19.288952,18.415893,16.348921,15.512466,1.104896,13.384445,1.130114,1.257608,0.038635,0.914090,0,0
cuda,Speech2Text2ForCausalLM,256,19.243495,18.772727,17.950631,16.879250,16.601850,0.851645,15.171652,0.942354,1.181872,0.026657,1.506481,0,0
cuda,T5ForConditionalGeneration,4,39.632886,38.140482,37.124204,34.557886,33.832175,1.472995,31.293156,1.793473,1.962199,0.069946,2.085340,0,0
cuda,mnasnet_100,512,111.408010,107.837083,106.737339,96.360326,124.324149,7.672776,112.460071,11.956805,6.526823,0.304503,11.549877,28.347858,0
cuda,T5Small,4,40.238445,38.770608,37.763678,35.194687,34.470491,1.456900,31.947410,1.785143,1.948536,0.069550,2.084387,0,0
cuda,TrOCRForCausalLM,32,23.907697,23.056393,22.064864,20.182204,19.046978,1.563822,16.273985,1.457334,1.588313,0.052272,1.674773,0,0
cuda,XGLMForCausalLM,8,32.557024,30.890949,29.857830,26.128350,25.230148,2.686199,20.127380,2.976839,3.063167,0.116200,1.143264,0,0
cuda,mobilenetv2_100,128,108.215259,104.629672,103.534179,92.994679,122.324033,8.126375,109.708441,11.831069,6.519274,0.294335,10.360398,29.727995,0
cuda,XLNetLMHeadModel,8,51.908541,49.904485,48.861232,40.326688,38.811508,3.858679,32.073739,3.753945,10.547901,5.170451,0.131307,1.665717,0
cuda,YituTechConvBert,16,32.653548,31.066700,30.123836,26.995710,25.287640,2.132457,21.794709,2.082514,1.933742,0.062185,2.016480,0,0
cuda,mobilenetv3_large_100,512,117.495652,112.955334,111.930775,101.195969,149.248315,9.109226,135.292068,12.774335,7.535908,0.335175,23.128676,48.840207,0
cuda,mobilevit_s,64,142.307491,137.661142,136.444517,122.732037,195.368302,11.262346,178.560999,24.813577,14.485716,0.321271,27.292316,73.158591,0
cuda,nfnet_l0,128,113.248399,108.225832,106.991673,94.355711,122.989783,8.887100,108.344268,13.861610,6.953626,0.354062,11.002948,29.147698,0
cuda,pit_b_224,64,89.031991,85.535528,84.414809,74.951562,95.200334,6.039346,85.028631,8.858210,5.773826,0.225060,6.342232,20.945138,0
cuda,pnasnet5large,16,167.243713,159.839521,158.838730,129.221788,283.596592,18.774418,256.318909,72.283738,48.121548,2.724420,32.993735,155.541044,0
cuda,poolformer_m36,64,153.685721,144.937911,143.557313,122.059475,292.536764,18.726879,263.714329,91.911526,42.299448,1.056198,22.215362,172.010036,0
cuda,regnety_002,1024,108.723577,104.508434,103.351195,92.356509,123.786699,8.052895,110.896729,11.226014,6.084960,0.263881,18.367143,31.867946,0
cuda,repvgg_a2,128,85.956652,81.187279,80.055555,69.808649,91.205867,7.830395,78.448747,11.338208,6.837023,0.287090,6.037595,21.805509,0
cuda,res2net101_26w_4s,128,119.007565,115.243749,114.208904,91.912798,153.413651,15.616361,129.297072,26.702867,18.239915,1.696261,18.329460,62.420683,0
cuda,res2net50_14w_8s,128,131.554794,128.353005,127.347887,107.743304,185.592617,14.300786,164.798346,24.794241,17.866141,1.382560,28.225615,78.287319,0
cuda,res2next50,128,64.608534,62.569356,61.663677,51.461888,93.909546,8.419427,81.893946,12.133166,8.897036,0.310123,18.713572,42.692018,0
cuda,resmlp_12_224,128,68.764075,66.326171,65.264464,57.265929,74.352327,4.469872,66.838312,7.186839,3.974201,0.168769,7.144581,17.386910,0
cuda,resnest101e,64,102.557431,98.265632,97.206048,76.213674,144.734464,15.518210,122.715570,19.962175,15.922797,0.782207,25.842231,68.980598,0
cuda,rexnet_100,256,169.782722,164.346913,163.096547,147.590183,223.349649,11.824142,204.968625,17.394047,9.579344,0.392245,40.583822,76.326299,0
cuda,sebotnet33ts_256,64,76.262053,73.630317,72.662864,63.313759,118.319127,6.817389,109.100451,12.488938,8.025394,0.236140,20.360916,55.158240,0
cuda,selecsls42b,128,87.507544,84.754629,83.764766,75.881291,102.566067,6.354134,92.852509,8.384528,4.823450,0.179665,17.266795,26.992657,0
cuda,spnasnet_100,128,118.701781,114.344240,113.164280,100.429682,132.251730,8.757505,118.049872,14.908173,7.558309,0.397950,11.787212,32.292736,0
cuda,swin_base_patch4_window7_224,64,188.906917,181.775547,180.238100,149.933392,239.072250,16.015678,212.998734,25.328624,13.914168,0.702938,29.709771,89.964678,0
cuda,swsl_resnext101_32x16d,32,61.549343,59.270006,58.376125,46.695126,78.933672,7.486715,67.275504,9.623319,6.429973,0.346658,12.348498,32.497073,0
cuda,tf_efficientnet_b0,128,73.011507,70.389533,69.433450,62.406178,116.575775,5.854262,107.698474,8.656490,6.736564,0.311969,26.232474,54.340447,0
cuda,tf_mixnet_l,128,187.691579,181.102607,179.620203,160.168395,225.851054,13.520490,203.002409,22.530260,12.071741,0.694350,35.774069,66.409366,0
cuda,tinynet_a,128,75.534063,72.715968,71.740784,63.249164,116.240811,7.071516,105.885354,9.422926,6.929054,0.395130,23.772417,53.201781,0
cuda,tnt_s_patch16_224,128,135.532314,129.028636,127.570732,101.877832,136.904484,14.034479,113.649229,21.303865,12.135832,0.700833,10.522862,35.842053,0
cuda,twins_pcpvt_base,128,194.933408,185.977412,184.292540,155.712898,197.955166,18.761205,166.281517,29.539177,15.359530,1.089684,12.021195,43.366028,0
cuda,visformer_small,128,90.141772,87.585064,86.536793,75.570445,97.682092,6.160700,88.058315,7.650810,4.808949,0.201140,14.355314,22.419264,0
cuda,vit_base_patch16_224,64,59.608175,56.977788,55.879077,47.681321,67.550820,5.003647,58.788471,7.490466,5.267808,0.184029,3.127447,20.507071,0
cuda,volo_d1_224,64,144.655841,139.632505,138.357182,117.610039,165.900660,10.597771,148.245499,19.641603,11.036070,0.481428,17.170914,49.313231,0
cuda,xcit_large_24_p8_224,16,196.838869,185.731074,183.798580,144.758724,193.945600,24.583747,152.890425,41.009992,20.672593,1.557414,9.814293,50.639329,0
cuda,AlbertForMaskedLM,4,34.848600,32.897700,31.953109,25.191525,67.933851,4.014082,61.808037,3.724463,3.093849,0.129621,7.652600,42.864617,0
cuda,AlbertForQuestionAnswering,4,41.288802,38.859315,37.948243,29.886164,72.327851,4.372099,65.525933,4.297382,3.179358,0.136654,7.407411,42.604149,0
cuda,AllenaiLongformerBase,4,126.320737,121.447323,119.981507,91.681036,126.722801,15.979688,102.810984,19.335068,11.272180,0.385740,9.775828,35.739380,0
cuda,BertForMaskedLM,16,77.217573,73.069612,72.482885,57.494139,79.226855,6.633340,67.694796,9.939281,5.666569,0.270943,4.042593,22.178077,0
cuda,BertForQuestionAnswering,16,74.677166,70.620442,70.045967,55.663823,77.126414,6.596889,65.693541,9.776503,5.586270,0.269695,2.599383,21.896896,0
cuda,CamemBert,16,77.362966,72.800654,72.380777,57.466618,78.600602,6.334371,66.975213,10.432299,5.103456,0.269328,4.200069,21.579123,0
cuda,DebertaForMaskedLM,8,85.575434,80.494293,79.243753,65.404908,87.850731,7.217918,76.160959,9.659755,5.327690,0.271157,4.875767,22.847218,0
cuda,DebertaForQuestionAnswering,16,83.475152,78.474274,77.278792,64.011536,86.035151,6.804594,74.843045,9.903309,5.332345,0.273539,3.206069,22.426099,0
cuda,DebertaV2ForQuestionAnswering,1,54.582527,48.253483,47.163883,31.438445,57.135280,6.609251,45.872957,8.049833,5.921720,0.640498,3.002695,25.945995,0
cuda,DistillGPT2,16,53.157902,51.151713,50.199989,43.216654,59.918669,3.600675,54.133168,4.746212,2.921757,0.115940,4.892741,17.160607,0
cuda,ElectraForCausalLM,32,36.542604,34.163061,33.962183,24.243433,46.148865,3.019729,41.034665,4.187402,3.213074,0.217181,4.804103,22.020737,0
cuda,ElectraForQuestionAnswering,64,78.305416,73.803712,73.195966,58.923429,80.037207,6.336422,68.463417,10.429011,5.143064,0.274557,2.812520,21.551230,0
cuda,GPT2ForSequenceClassification,4,67.990558,64.416009,63.269096,51.660627,70.305257,6.770678,59.362861,8.859932,4.953231,0.245692,2.457465,19.006466,0
cuda,GoogleFnet,16,42.753733,40.246725,39.277012,33.145003,56.790090,4.213451,50.150713,5.388355,3.719642,0.116570,3.841447,23.879622,0
cuda,LayoutLMForMaskedLM,16,80.562317,75.920695,75.220625,60.592320,84.393903,6.415970,73.001926,10.630947,5.135580,0.273124,5.255440,24.556167,0
cuda,LayoutLMForSequenceClassification,16,78.735983,74.115657,73.372753,59.189788,84.219985,6.499882,72.796810,11.157920,5.392098,0.268956,3.863793,25.795831,0
cuda,MegatronBertForCausalLM,4,111.739939,103.759763,103.353396,76.495672,102.927774,13.201164,80.211333,21.204320,10.291864,0.656455,2.686982,27.760382,0
cuda,MegatronBertForQuestionAnswering,8,110.836607,102.951599,102.555315,75.369911,101.745701,12.993635,79.346953,20.745190,9.880065,0.658668,2.660975,27.709421,0
cuda,MobileBertForMaskedLM,128,82.245814,71.768301,71.550222,38.779586,82.317357,8.629579,64.893071,14.154620,11.401879,3.060763,7.728249,43.961799,0
cuda,MobileBertForQuestionAnswering,128,78.879597,68.336135,68.103278,35.583171,79.836119,8.724132,63.084525,13.071616,13.024935,2.972006,4.682719,44.672134,0
cuda,RobertaForCausalLM,16,78.201120,74.046742,73.601606,57.934392,79.277995,6.349942,67.633443,10.492958,5.169396,0.274552,4.092976,21.791849,0
cuda,RobertaForQuestionAnswering,16,75.457112,71.368056,70.763904,56.292491,76.145093,6.598870,64.699249,9.802668,5.575667,0.264443,2.396392,20.284584,0
cuda,XLNetLMHeadModel,8,129.187729,121.097657,119.624257,85.492962,120.431721,16.727123,92.068635,22.218860,20.531656,5.475678,0.990627,4.685137,35.912462
cuda,YituTechConvBert,16,134.409326,128.094891,127.319172,105.548612,129.668741,10.578277,111.720978,16.055983,8.357617,0.540745,7.799504,25.504138,0
